Feature,LR_Coefficient,RF_Importance
AUC,0.02104358151796965,0.4135933536345451
CMAX,0.0029323751391941997,0.3566145645239443
DOSE,0.007803067273646624,0.13459752183487425
AGE,0.02489414338652557,0.05247321508424691
WT,0.0025490921787392215,0.04272134492238961
SEX_ENCODED,0.0,0.0
