Model,Accuracy,Precision,Recall,F1_Score,ROC_AUC
Logistic Regression,0.8854166666666666,0.9038461538461539,0.8867924528301887,0.8952380952380953,0.9543659499780606
Random Forest,0.875,0.8867924528301887,0.8867924528301887,0.8867924528301887,0.9477841158402809
